{"graph": {"_type": "graph-file", "path": "media/graph/graph_summary_b148a2cc.graph.json", "sha256": "b148a2cc6cccf8a5a655defd6662a25d07797c5555abcd0854854023d5572b61", "size": 1298}, "train/global_step": 19, "_timestamp": 1624132892.702413, "global_step": 19, "_step": 42, "epoch": 19, "loss": 0.02270626090466976, "val_loss": 0.022792408242821693, "lr": 0.00010000000474974513, "_runtime": 10073, "best_val_loss": 0.022792408242821693, "best_epoch": 19, "train/epoch_loss": 0.02270626090466976, "validation/global_step": 19, "validation/epoch_loss": 0.022792408242821693, "Original": {"_type": "video-file", "path": "media/videos/Original_20_35a05b68.gif", "sha256": "35a05b683f23b55ad11c55ddb7783a707a160f4624c6924917c005e867aae00c", "size": 10863, "width": 64, "height": 64}, "Predicted": {"_type": "video-file", "path": "media/videos/Predicted_21_414b89d4.gif", "sha256": "414b89d4b34bc8962dd4c6240fac1dcc4d91e0d79045c5e3b46058a0fa251c2d", "size": 33740, "width": 64, "height": 64}}