{"graph": {"_type": "graph-file", "path": "media/graph/graph_summary_ba8caf62.graph.json", "sha256": "ba8caf62ecfe1eb21bd286d053598c9847799ca34265510d36a55ae3c984e35e", "size": 497}, "train/global_step": 10, "_timestamp": 1624195386.566594, "global_step": 10, "_step": 24, "epoch": 10, "loss": 4.025808334350586, "val_loss": 3.2751307487487793, "lr": 0.00010000000474974513, "_runtime": 3283, "best_val_loss": 0.02655944414436817, "best_epoch": 0, "train/epoch_loss": 4.025808334350586, "validation/global_step": 10, "validation/epoch_loss": 3.2751307487487793, "Original": {"_type": "video-file", "path": "media/videos/Original_11_59cefcf6.gif", "sha256": "59cefcf6acb4d244f1cf17e155e1c007d9b300776293ecaf0b755d38cb2d837f", "size": 14850, "width": 64, "height": 64}, "Predicted": {"_type": "video-file", "path": "media/videos/Predicted_12_c234b3ad.gif", "sha256": "c234b3adc8caba3bc9dce5940627871672bbfff48681483871cadfe61b075c19", "size": 12874, "width": 64, "height": 64}}